{
  "timestamp": "20251002_145730",
  "settings": {
    "your_position": 6,
    "num_teams": 12,
    "roster_size": 13
  },
  "your_picks": [
    {
      "pick_number": 1,
      "player": "Anthony Davis",
      "h_score": 0.527382480214425,
      "g_score": 7.044256339150586,
      "adp_rank": 35.5,
      "team_before": [],
      "x_scores": {
        "PTS": 1.1231102713880772,
        "REB": 1.8445944393313585,
        "AST": -0.15345179948136956,
        "STL": 0.3015889522727544,
        "BLK": 1.4359155818929217,
        "TOV": -0.3101931546966548,
        "FG3M": -2.3829665863996787,
        "DD": 1.8453980315547434,
        "FG_PCT": 1.054975657435708,
        "FT_PCT": 1.7434662436256885,
        "FG3_PCT": -0.18408933976178082
      }
    },
    {
      "pick_number": 2,
      "player": "Bam Adebayo",
      "h_score": 0.5760187764879257,
      "g_score": 3.1106387860824,
      "adp_rank": 60.5,
      "team_before": [
        "Anthony Davis"
      ],
      "x_scores": {
        "PTS": 0.6900150019199736,
        "REB": 1.3460680094653648,
        "AST": 0.3079604415428404,
        "STL": 0.43348102960037244,
        "BLK": 0.2523084494349578,
        "TOV": -0.5295961339544125,
        "FG3M": -1.7469369225922562,
        "DD": 1.092588774829306,
        "FG_PCT": 0.5070045912945137,
        "FT_PCT": 0.5757759541049029,
        "FG3_PCT": -0.13945698761582878
      }
    },
    {
      "pick_number": 3,
      "player": "Nikola Vucevic",
      "h_score": 0.5947909621371666,
      "g_score": NaN,
      "adp_rank": 39.7,
      "team_before": [
        "Anthony Davis",
        "Bam Adebayo"
      ],
      "x_scores": {
        "PTS": 0.7822648732063758,
        "REB": 1.903377936494281,
        "AST": 0.22161376425003332,
        "STL": -0.16737668895731558,
        "BLK": 0.2573265310407237,
        "TOV": -0.05545718195481572,
        "FG3M": 0.04610814683732895,
        "DD": 1.5851966265183717,
        "FG_PCT": 0.3843843382228146,
        "FT_PCT": 0.1355624588813624,
        "FG3_PCT": 0.23545134047645488
      }
    },
    {
      "pick_number": 4,
      "player": "Jamal Murray",
      "h_score": 0.6012772135330794,
      "g_score": 2.5386348363074833,
      "adp_rank": 54.8,
      "team_before": [
        "Anthony Davis",
        "Bam Adebayo",
        "Nikola Vucevic"
      ],
      "x_scores": {
        "PTS": 0.6776343986250919,
        "REB": -0.9857092366843706,
        "AST": 1.2486977713530618,
        "STL": 0.27297976973018606,
        "BLK": -0.40678385916088317,
        "TOV": -0.36266197243190246,
        "FG3M": 0.6924288518738999,
        "DD": -0.19566700903721213,
        "FG_PCT": -0.33945076745297853,
        "FT_PCT": 1.022303852095711,
        "FG3_PCT": 1.036032615107511
      }
    },
    {
      "pick_number": 5,
      "player": "Miles Bridges",
      "h_score": 0.6050908158224131,
      "g_score": 2.791567358692823,
      "adp_rank": 56.5,
      "team_before": [
        "Anthony Davis",
        "Bam Adebayo",
        "Nikola Vucevic",
        "Jamal Murray"
      ],
      "x_scores": {
        "PTS": 0.7393301290988771,
        "REB": 0.7325535190115194,
        "AST": 0.22399304274041176,
        "STL": -0.09504574873569814,
        "BLK": -0.09701413068890069,
        "TOV": -0.3713887195928306,
        "FG3M": 0.663790776820727,
        "DD": 0.39199760766791075,
        "FG_PCT": -0.7166267775974631,
        "FT_PCT": 1.022940056484974,
        "FG3_PCT": 0.3091610456679352
      }
    },
    {
      "pick_number": 6,
      "player": "Tobias Harris",
      "h_score": 0.6143356261941505,
      "g_score": 1.1941312108394626,
      "adp_rank": 111.7,
      "team_before": [
        "Anthony Davis",
        "Bam Adebayo",
        "Nikola Vucevic",
        "Jamal Murray",
        "Miles Bridges"
      ],
      "x_scores": {
        "PTS": 0.06974948837029207,
        "REB": 0.3380185016262404,
        "AST": -0.5286956590139522,
        "STL": 0.17923721436574244,
        "BLK": 0.08096394771934091,
        "TOV": 0.6213716017532168,
        "FG3M": -0.1459626945044202,
        "DD": -0.22482852484562177,
        "FG_PCT": 0.029199788132121197,
        "FT_PCT": 0.40086348554571,
        "FG3_PCT": 0.2020584924318363
      }
    },
    {
      "pick_number": 7,
      "player": "Brandon Ingram",
      "h_score": 0.6346339589965433,
      "g_score": 0.4115059154114089,
      "adp_rank": 86.9,
      "team_before": [
        "Anthony Davis",
        "Bam Adebayo",
        "Nikola Vucevic",
        "Jamal Murray",
        "Miles Bridges",
        "Tobias Harris"
      ],
      "x_scores": {
        "PTS": 0.7850424266478057,
        "REB": -0.1483698185315343,
        "AST": 0.9218700971016791,
        "STL": -0.28503537218146213,
        "BLK": -0.19586988931269347,
        "TOV": -0.9206064666435467,
        "FG3M": -0.11676132556639868,
        "DD": -0.4076581447713781,
        "FG_PCT": -0.11542473362790555,
        "FT_PCT": 1.608805741879248,
        "FG3_PCT": 0.42120248617089195
      }
    },
    {
      "pick_number": 8,
      "player": "Jrue Holiday",
      "h_score": 0.6548184824330268,
      "g_score": 0.7371747100420671,
      "adp_rank": 103.4,
      "team_before": [
        "Anthony Davis",
        "Bam Adebayo",
        "Nikola Vucevic",
        "Jamal Murray",
        "Miles Bridges",
        "Tobias Harris",
        "Brandon Ingram"
      ],
      "x_scores": {
        "PTS": -0.21024786586647298,
        "REB": -0.3268631268593539,
        "AST": 0.7402442840382389,
        "STL": 0.14556524276506844,
        "BLK": -0.2879484615047216,
        "TOV": -0.10691943606431495,
        "FG3M": 0.4545968736048694,
        "DD": -0.12004236592838072,
        "FG_PCT": -0.18036624033800988,
        "FT_PCT": -0.018962374899420584,
        "FG3_PCT": 0.6317194350357133
      }
    },
    {
      "pick_number": 9,
      "player": "Keegan Murray",
      "h_score": 0.6733260618643087,
      "g_score": 0.9768717214373183,
      "adp_rank": 119.0,
      "team_before": [
        "Anthony Davis",
        "Bam Adebayo",
        "Nikola Vucevic",
        "Jamal Murray",
        "Miles Bridges",
        "Tobias Harris",
        "Brandon Ingram",
        "Jrue Holiday"
      ],
      "x_scores": {
        "PTS": -0.1729600793782283,
        "REB": 0.22826346193266395,
        "AST": -2.1417884081679532,
        "STL": 0.042217292473719886,
        "BLK": 0.2455219452121349,
        "TOV": 1.4494644340275595,
        "FG3M": 0.6928814207663814,
        "DD": -0.19882802433031974,
        "FG_PCT": -0.47810225782821325,
        "FT_PCT": -0.012806642090530743,
        "FG3_PCT": 0.42048228293354667
      }
    },
    {
      "pick_number": 10,
      "player": "Brook Lopez",
      "h_score": 0.6937458346018184,
      "g_score": 1.5542400505075398,
      "adp_rank": 130.8,
      "team_before": [
        "Anthony Davis",
        "Bam Adebayo",
        "Nikola Vucevic",
        "Jamal Murray",
        "Miles Bridges",
        "Tobias Harris",
        "Brandon Ingram",
        "Jrue Holiday",
        "Keegan Murray"
      ],
      "x_scores": {
        "PTS": -0.17501456242051644,
        "REB": 0.16579821022048571,
        "AST": -1.9150954770862805,
        "STL": -0.6596204019506404,
        "BLK": 1.5419490365747026,
        "TOV": 0.779165710642394,
        "FG3M": 0.2987791610471753,
        "DD": -0.37464375966220254,
        "FG_PCT": 0.1480396355705357,
        "FT_PCT": 0.12700118242319655,
        "FG3_PCT": 0.43260978073360423
      }
    },
    {
      "pick_number": 11,
      "player": "Chris Paul",
      "h_score": 0.7190035493306032,
      "g_score": 1.5235031676156898,
      "adp_rank": 137.4,
      "team_before": [
        "Anthony Davis",
        "Bam Adebayo",
        "Nikola Vucevic",
        "Jamal Murray",
        "Miles Bridges",
        "Tobias Harris",
        "Brandon Ingram",
        "Jrue Holiday",
        "Keegan Murray",
        "Brook Lopez"
      ],